PatientID,Age,Gender,BMI,Systolic_BP,Diastolic_BP,Disease,Notes
P1000,51,Male,28.9,140,71,Hypertension,"Patient reports occasional headaches and dizziness, blood pressure elevated."
P1001,78,Female,24.2,147,81,Thyroid Disorder,"Medication adjusted, patient feels more energetic this month."
P1002,62,Female,29.0,133,75,Hypertension,"Feeling stressed at work, BP slightly high but manageable with medication."
P1003,34,Female,31.5,119,74,Asthma,"Symptoms well controlled with inhaler, patient feels confident."
P1004,28,Male,30.1,127,76,Arthritis,"Pain manageable with medication, patient feels okay overall."
P1005,53,Male,28.5,124,76,Arthritis,"Pain manageable with medication, patient feels okay overall."
P1006,21,Male,31.3,138,69,Asthma,"Symptoms well controlled with inhaler, patient feels confident."
P1007,77,Female,31.8,140,80,Asthma,"Symptoms well controlled with inhaler, patient feels confident."
P1008,66,Female,32.9,133,79,Asthma,"Symptoms well controlled with inhaler, patient feels confident."
P1009,36,Female,29.2,126,71,Diabetes,"Patient is managing diet well, glucose levels improving steadily."
P1010,14,Male,25.2,106,68,Diabetes,"Patient is managing diet well, glucose levels improving steadily."
P1011,69,Female,26.7,126,87,Cardiac Disease,"Routine checkup, heart function stable, patient feels reassured."
P1012,42,Female,32.0,138,79,Diabetes,"Struggling with sugar control, feeling anxious about complications."
P1013,67,Male,21.9,125,74,Diabetes,"Struggling with sugar control, feeling anxious about complications."
P1014,16,Male,27.8,110,74,Arthritis,"Pain manageable with medication, patient feels okay overall."
P1015,34,Male,24.0,126,70,Thyroid Disorder,"Medication adjusted, patient feels more energetic this month."
P1016,45,Male,26.1,136,81,Obesity,"Patient motivated to start new diet plan, feeling hopeful about progress."
P1017,45,Female,32.4,135,78,Hypertension,"Feeling stressed at work, BP slightly high but manageable with medication."
P1018,36,Male,27.0,132,72,Hypertension,"Feeling stressed at work, BP slightly high but manageable with medication."
P1019,56,Male,26.2,123,78,Thyroid Disorder,"Medication adjusted, patient feels more energetic this month."
P1020,25,Female,19.2,105,60,Diabetes,"Struggling with sugar control, feeling anxious about complications."
P1021,42,Male,29.7,139,68,Hypertension,"Feeling stressed at work, BP slightly high but manageable with medication."
P1022,47,Male,29.2,126,68,Obesity,"Steady progress with exercise routine, patient feels great."
P1023,54,Male,36.8,132,79,Obesity,"Patient motivated to start new diet plan, feeling hopeful about progress."
P1024,57,Male,24.5,139,86,Obesity,"Patient motivated to start new diet plan, feeling hopeful about progress."
P1025,24,Female,27.1,125,85,Diabetes,"Struggling with sugar control, feeling anxious about complications."
P1026,17,Male,27.2,122,74,Hypertension,"Follow-up visit, blood pressure under control, patient feels good."
P1027,67,Female,33.9,154,83,Thyroid Disorder,"Follow-up shows stable levels, patient feels satisfied."
P1028,50,Female,25.5,122,64,Diabetes,"Patient is managing diet well, glucose levels improving steadily."
P1029,31,Male,27.4,130,69,Arthritis,"Joint pain worsened this week, patient feels uncomfortable and tired."
P1030,72,Female,29.0,136,74,Arthritis,"Great improvement in mobility, patient feels happy and relieved."
P1031,47,Male,26.9,129,71,Obesity,"Struggling with weight loss, feeling frustrated and discouraged."
P1032,66,Male,23.8,143,76,Diabetes,"Blood sugar levels fluctuating, patient feels tired and thirsty often."
P1033,46,Female,27.0,131,72,Diabetes,"Patient is managing diet well, glucose levels improving steadily."
P1034,82,Female,31.4,144,69,Obesity,"Patient motivated to start new diet plan, feeling hopeful about progress."
P1035,76,Female,20.9,141,82,None,"No complaints, patient feels great and active."
P1036,40,Male,26.7,122,67,Thyroid Disorder,"Patient feels fatigued and low energy, thyroid levels being monitored."
P1037,62,Male,22.5,123,77,Hypertension,"Patient reports occasional headaches and dizziness, blood pressure elevated."
P1038,56,Female,32.0,124,90,Hypertension,"Feeling stressed at work, BP slightly high but manageable with medication."
P1039,69,Male,18.4,114,70,Thyroid Disorder,"Follow-up shows stable levels, patient feels satisfied."
P1040,27,Male,23.2,136,55,Arthritis,"Joint pain worsened this week, patient feels uncomfortable and tired."
P1041,57,Female,27.9,122,75,None,"General wellness visit, patient is in excellent condition."
P1042,64,Male,33.8,134,86,Diabetes,"Patient is managing diet well, glucose levels improving steadily."
P1043,13,Female,25.7,114,81,Obesity,"Steady progress with exercise routine, patient feels great."
P1044,23,Male,23.2,120,63,Arthritis,"Great improvement in mobility, patient feels happy and relieved."
P1045,8,Female,35.4,126,74,Arthritis,"Great improvement in mobility, patient feels happy and relieved."
P1046,40,Male,18.8,128,68,Asthma,"Symptoms well controlled with inhaler, patient feels confident."
P1047,57,Female,15.0,119,72,Hypertension,"Follow-up visit, blood pressure under control, patient feels good."
P1048,72,Female,28.2,134,95,Obesity,"Patient motivated to start new diet plan, feeling hopeful about progress."
P1049,46,Male,23.5,127,64,Diabetes,"Blood sugar levels fluctuating, patient feels tired and thirsty often."
P1050,74,Female,20.9,130,78,Cardiac Disease,"Patient reports chest discomfort, feeling scared about heart health."
P1051,20,Female,29.5,133,74,Thyroid Disorder,"Medication adjusted, patient feels more energetic this month."
P1052,14,Female,27.2,121,76,Asthma,"Symptoms well controlled with inhaler, patient feels confident."
P1053,44,Female,23.2,130,74,None,"Routine annual checkup, patient feels healthy and energetic."
P1054,51,Female,19.6,130,75,Diabetes,"Patient is managing diet well, glucose levels improving steadily."
P1055,44,Female,30.4,137,73,Arthritis,"Joint pain worsened this week, patient feels uncomfortable and tired."
P1056,7,Male,29.3,118,71,Thyroid Disorder,"Patient feels fatigued and low energy, thyroid levels being monitored."
P1057,43,Male,25.5,115,72,Hypertension,"Follow-up visit, blood pressure under control, patient feels good."
P1058,21,Male,35.2,127,77,Hypertension,"Feeling stressed at work, BP slightly high but manageable with medication."
P1059,57,Male,20.6,122,72,Cardiac Disease,"Routine checkup, heart function stable, patient feels reassured."
P1060,51,Male,18.4,120,75,Hypertension,"Follow-up visit, blood pressure under control, patient feels good."
P1061,28,Male,22.5,124,70,Arthritis,"Joint pain worsened this week, patient feels uncomfortable and tired."
P1062,35,Female,25.8,133,79,Thyroid Disorder,"Follow-up shows stable levels, patient feels satisfied."
P1063,25,Male,27.2,121,71,Cardiac Disease,"Recovering well after treatment, feeling optimistic and relieved."
P1064,43,Male,24.8,127,63,Diabetes,"Struggling with sugar control, feeling anxious about complications."
P1065,62,Female,27.8,146,85,Cardiac Disease,"Routine checkup, heart function stable, patient feels reassured."
P1066,27,Male,19.7,119,64,Arthritis,"Great improvement in mobility, patient feels happy and relieved."
P1067,54,Female,33.2,153,74,Hypertension,"Patient reports occasional headaches and dizziness, blood pressure elevated."
P1068,35,Male,25.6,127,69,Obesity,"Struggling with weight loss, feeling frustrated and discouraged."
P1069,30,Female,31.6,110,82,Obesity,"Patient motivated to start new diet plan, feeling hopeful about progress."
P1070,43,Female,27.7,132,61,Obesity,"Patient motivated to start new diet plan, feeling hopeful about progress."
P1071,26,Male,28.3,124,91,Diabetes,"Blood sugar levels fluctuating, patient feels tired and thirsty often."
P1072,35,Male,28.8,135,80,Arthritis,"Joint pain worsened this week, patient feels uncomfortable and tired."
P1073,23,Female,28.2,126,73,Hypertension,"Patient reports occasional headaches and dizziness, blood pressure elevated."
P1074,80,Female,29.2,137,80,Diabetes,"Patient is managing diet well, glucose levels improving steadily."
P1075,45,Female,32.6,120,78,None,"General wellness visit, patient is in excellent condition."
P1076,32,Female,27.0,121,76,Arthritis,"Joint pain worsened this week, patient feels uncomfortable and tired."
P1077,48,Male,29.5,122,79,Hypertension,"Patient reports occasional headaches and dizziness, blood pressure elevated."
P1078,42,Male,25.6,120,77,Diabetes,"Patient is managing diet well, glucose levels improving steadily."
P1079,41,Male,33.2,133,76,Diabetes,"Patient is managing diet well, glucose levels improving steadily."
P1080,56,Female,22.6,141,73,Diabetes,"Struggling with sugar control, feeling anxious about complications."
P1081,58,Female,35.0,138,78,Diabetes,"Patient is managing diet well, glucose levels improving steadily."
P1082,35,Male,25.8,113,71,Hypertension,"Follow-up visit, blood pressure under control, patient feels good."
P1083,34,Male,18.8,123,77,Cardiac Disease,"Patient reports chest discomfort, feeling scared about heart health."
P1084,40,Male,26.6,134,77,Arthritis,"Joint pain worsened this week, patient feels uncomfortable and tired."
P1085,3,Male,22.6,107,55,Obesity,"Steady progress with exercise routine, patient feels great."
P1086,17,Female,30.2,119,75,Arthritis,"Pain manageable with medication, patient feels okay overall."
P1087,69,Female,22.7,132,78,Hypertension,"Follow-up visit, blood pressure under control, patient feels good."
P1088,74,Female,23.8,127,78,Thyroid Disorder,"Medication adjusted, patient feels more energetic this month."
P1089,40,Male,16.6,125,68,None,"Routine annual checkup, patient feels healthy and energetic."
P1090,55,Male,23.7,127,82,None,"No complaints, patient feels great and active."
P1091,50,Female,14.0,125,77,None,"General wellness visit, patient is in excellent condition."
P1092,95,Female,18.1,130,75,Thyroid Disorder,"Follow-up shows stable levels, patient feels satisfied."
P1093,65,Female,29.8,130,81,Obesity,"Patient motivated to start new diet plan, feeling hopeful about progress."
P1094,42,Female,29.9,133,69,Diabetes,"Patient is managing diet well, glucose levels improving steadily."
P1095,27,Female,28.1,119,64,Obesity,"Struggling with weight loss, feeling frustrated and discouraged."
P1096,16,Female,21.2,129,64,Arthritis,"Pain manageable with medication, patient feels okay overall."
P1097,48,Male,25.8,124,80,Arthritis,"Joint pain worsened this week, patient feels uncomfortable and tired."
P1098,31,Male,26.0,124,78,Cardiac Disease,"Recovering well after treatment, feeling optimistic and relieved."
P1099,19,Male,20.2,123,71,Hypertension,"Follow-up visit, blood pressure under control, patient feels good."
P1100,33,Male,33.5,115,79,Asthma,"Patient had a bad asthma attack last week, feeling worried."
P1101,25,Female,30.4,108,75,Thyroid Disorder,"Patient feels fatigued and low energy, thyroid levels being monitored."
P1102,75,Male,24.9,122,74,Obesity,"Struggling with weight loss, feeling frustrated and discouraged."
P1103,60,Female,26.1,141,79,Obesity,"Struggling with weight loss, feeling frustrated and discouraged."
P1104,44,Female,27.0,122,79,Diabetes,"Struggling with sugar control, feeling anxious about complications."
P1105,71,Male,15.8,149,79,Asthma,"Patient had a bad asthma attack last week, feeling worried."
P1106,46,Male,24.8,121,81,None,"General wellness visit, patient is in excellent condition."
P1107,29,Female,22.6,121,75,Arthritis,"Great improvement in mobility, patient feels happy and relieved."
P1108,72,Male,21.0,144,79,None,"Routine annual checkup, patient feels healthy and energetic."
P1109,54,Male,24.6,144,81,Cardiac Disease,"Routine checkup, heart function stable, patient feels reassured."
P1110,26,Male,35.0,141,74,Obesity,"Steady progress with exercise routine, patient feels great."
P1111,41,Male,29.2,136,69,Diabetes,"Blood sugar levels fluctuating, patient feels tired and thirsty often."
P1112,29,Female,23.1,128,70,Arthritis,"Great improvement in mobility, patient feels happy and relieved."
P1113,20,Female,28.9,125,67,Asthma,"Mild wheezing reported during exercise, otherwise breathing fine."
P1114,61,Female,33.0,141,74,Cardiac Disease,"Recovering well after treatment, feeling optimistic and relieved."
P1115,79,Female,30.6,134,80,Obesity,"Patient motivated to start new diet plan, feeling hopeful about progress."
P1116,19,Female,26.3,112,65,Thyroid Disorder,"Follow-up shows stable levels, patient feels satisfied."
P1117,55,Male,22.8,127,73,Hypertension,"Patient reports occasional headaches and dizziness, blood pressure elevated."
P1118,33,Female,29.5,123,62,None,"General wellness visit, patient is in excellent condition."
P1119,36,Female,28.0,121,75,Diabetes,"Patient is managing diet well, glucose levels improving steadily."
P1120,34,Female,30.5,131,74,Cardiac Disease,"Patient reports chest discomfort, feeling scared about heart health."
P1121,29,Female,29.2,130,68,Hypertension,"Feeling stressed at work, BP slightly high but manageable with medication."
P1122,45,Male,31.2,129,80,Diabetes,"Struggling with sugar control, feeling anxious about complications."
P1123,30,Male,23.3,132,77,Cardiac Disease,"Routine checkup, heart function stable, patient feels reassured."
P1124,49,Male,32.6,121,67,Hypertension,"Feeling stressed at work, BP slightly high but manageable with medication."
P1125,44,Male,27.0,125,70,Cardiac Disease,"Patient reports chest discomfort, feeling scared about heart health."
P1126,40,Female,36.4,124,72,Thyroid Disorder,"Patient feels fatigued and low energy, thyroid levels being monitored."
P1127,28,Female,22.6,104,65,Hypertension,"Follow-up visit, blood pressure under control, patient feels good."
P1128,34,Male,34.7,126,80,None,"No complaints, patient feels great and active."
P1129,58,Female,27.0,129,75,Asthma,"Patient had a bad asthma attack last week, feeling worried."
P1130,54,Male,22.7,139,73,Arthritis,"Joint pain worsened this week, patient feels uncomfortable and tired."
P1131,27,Male,23.6,124,59,Diabetes,"Blood sugar levels fluctuating, patient feels tired and thirsty often."
P1132,46,Male,24.4,117,78,Hypertension,"Patient reports occasional headaches and dizziness, blood pressure elevated."
P1133,58,Male,28.1,146,69,Hypertension,"Feeling stressed at work, BP slightly high but manageable with medication."
P1134,14,Female,28.6,128,71,Hypertension,"Patient reports occasional headaches and dizziness, blood pressure elevated."
P1135,54,Male,23.1,132,76,Diabetes,"Blood sugar levels fluctuating, patient feels tired and thirsty often."
P1136,33,Female,25.9,121,80,Arthritis,"Great improvement in mobility, patient feels happy and relieved."
P1137,55,Female,36.7,127,71,None,"Routine annual checkup, patient feels healthy and energetic."
P1138,31,Male,34.6,123,56,None,"Routine annual checkup, patient feels healthy and energetic."
P1139,12,Female,28.2,126,71,Arthritis,"Pain manageable with medication, patient feels okay overall."
P1140,15,Female,26.2,132,80,Hypertension,"Feeling stressed at work, BP slightly high but manageable with medication."
P1141,45,Male,26.6,139,82,Diabetes,"Struggling with sugar control, feeling anxious about complications."
P1142,49,Female,29.1,125,77,Diabetes,"Blood sugar levels fluctuating, patient feels tired and thirsty often."
P1143,28,Male,20.9,109,67,Diabetes,"Struggling with sugar control, feeling anxious about complications."
P1144,56,Male,24.7,130,80,Cardiac Disease,"Recovering well after treatment, feeling optimistic and relieved."
P1145,15,Male,17.7,99,61,Obesity,"Steady progress with exercise routine, patient feels great."
P1146,43,Female,28.0,129,77,Asthma,"Patient had a bad asthma attack last week, feeling worried."
P1147,23,Female,29.2,120,75,Asthma,"Symptoms well controlled with inhaler, patient feels confident."
P1148,33,Male,23.6,117,78,None,"General wellness visit, patient is in excellent condition."
P1149,45,Male,33.9,117,93,None,"Routine annual checkup, patient feels healthy and energetic."
P1150,29,Female,19.9,122,72,Diabetes,"Struggling with sugar control, feeling anxious about complications."
P1151,38,Male,18.7,116,68,Thyroid Disorder,"Patient feels fatigued and low energy, thyroid levels being monitored."
P1152,63,Male,27.1,123,77,Thyroid Disorder,"Patient feels fatigued and low energy, thyroid levels being monitored."
P1153,34,Male,31.2,102,63,Diabetes,"Blood sugar levels fluctuating, patient feels tired and thirsty often."
P1154,60,Female,34.4,134,75,Asthma,"Mild wheezing reported during exercise, otherwise breathing fine."
P1155,24,Male,23.7,133,68,Cardiac Disease,"Routine checkup, heart function stable, patient feels reassured."
P1156,54,Female,31.4,145,74,Thyroid Disorder,"Medication adjusted, patient feels more energetic this month."
P1157,70,Female,25.8,130,79,None,"No complaints, patient feels great and active."
P1158,1,Male,25.1,108,62,Hypertension,"Feeling stressed at work, BP slightly high but manageable with medication."
P1159,30,Female,30.4,127,80,Asthma,"Symptoms well controlled with inhaler, patient feels confident."
P1160,55,Male,29.3,123,77,Obesity,"Patient motivated to start new diet plan, feeling hopeful about progress."
P1161,41,Female,18.1,123,71,Cardiac Disease,"Recovering well after treatment, feeling optimistic and relieved."
P1162,51,Female,33.4,138,75,Diabetes,"Struggling with sugar control, feeling anxious about complications."
P1163,34,Female,32.9,136,75,None,"Routine annual checkup, patient feels healthy and energetic."
P1164,46,Male,22.9,124,78,Arthritis,"Pain manageable with medication, patient feels okay overall."
P1165,42,Female,28.0,124,69,None,"Routine annual checkup, patient feels healthy and energetic."
P1166,66,Male,28.5,127,74,None,"No complaints, patient feels great and active."
P1167,49,Male,27.3,121,73,Arthritis,"Pain manageable with medication, patient feels okay overall."
P1168,51,Male,23.2,125,66,Cardiac Disease,"Recovering well after treatment, feeling optimistic and relieved."
P1169,37,Female,22.6,125,67,Obesity,"Patient motivated to start new diet plan, feeling hopeful about progress."
P1170,36,Female,25.9,131,70,Hypertension,"Follow-up visit, blood pressure under control, patient feels good."
P1171,37,Male,31.9,120,80,Arthritis,"Joint pain worsened this week, patient feels uncomfortable and tired."
P1172,52,Female,28.7,141,77,Hypertension,"Feeling stressed at work, BP slightly high but manageable with medication."
P1173,37,Male,24.1,120,73,Arthritis,"Joint pain worsened this week, patient feels uncomfortable and tired."
P1174,50,Female,29.9,129,81,Diabetes,"Struggling with sugar control, feeling anxious about complications."
P1175,82,Male,14.0,125,75,Hypertension,"Patient reports occasional headaches and dizziness, blood pressure elevated."
P1176,60,Female,31.7,114,80,Hypertension,"Follow-up visit, blood pressure under control, patient feels good."
P1177,39,Male,17.3,127,70,Hypertension,"Follow-up visit, blood pressure under control, patient feels good."
P1178,66,Female,24.2,137,78,Arthritis,"Joint pain worsened this week, patient feels uncomfortable and tired."
P1179,37,Male,20.4,119,68,Arthritis,"Pain manageable with medication, patient feels okay overall."
P1180,8,Male,19.5,112,55,Cardiac Disease,"Routine checkup, heart function stable, patient feels reassured."
P1181,26,Male,31.8,127,72,Hypertension,"Patient reports occasional headaches and dizziness, blood pressure elevated."
P1182,11,Female,23.7,102,77,Hypertension,"Follow-up visit, blood pressure under control, patient feels good."
P1183,38,Female,27.7,121,79,Hypertension,"Feeling stressed at work, BP slightly high but manageable with medication."
P1184,45,Male,25.8,132,80,Hypertension,"Patient reports occasional headaches and dizziness, blood pressure elevated."
P1185,75,Female,28.4,126,87,None,"Routine annual checkup, patient feels healthy and energetic."
P1186,50,Female,26.4,130,75,Diabetes,"Blood sugar levels fluctuating, patient feels tired and thirsty often."
P1187,41,Female,19.6,111,73,Asthma,"Patient had a bad asthma attack last week, feeling worried."
P1188,59,Female,31.0,136,74,Hypertension,"Follow-up visit, blood pressure under control, patient feels good."
P1189,5,Male,23.5,112,65,Diabetes,"Blood sugar levels fluctuating, patient feels tired and thirsty often."
P1190,49,Male,18.2,110,76,Cardiac Disease,"Routine checkup, heart function stable, patient feels reassured."
P1191,58,Female,23.9,138,83,Obesity,"Steady progress with exercise routine, patient feels great."
P1192,18,Female,33.5,116,71,Diabetes,"Patient is managing diet well, glucose levels improving steadily."
P1193,65,Female,30.3,128,76,Hypertension,"Patient reports occasional headaches and dizziness, blood pressure elevated."
P1194,51,Male,24.3,129,74,Asthma,"Symptoms well controlled with inhaler, patient feels confident."
P1195,37,Male,24.3,132,76,Diabetes,"Blood sugar levels fluctuating, patient feels tired and thirsty often."
P1196,56,Female,24.4,120,67,Diabetes,"Blood sugar levels fluctuating, patient feels tired and thirsty often."
P1197,85,Female,36.4,144,69,Thyroid Disorder,"Medication adjusted, patient feels more energetic this month."
P1198,48,Female,27.9,131,72,Obesity,"Patient motivated to start new diet plan, feeling hopeful about progress."
P1199,49,Female,28.2,134,68,Obesity,"Patient motivated to start new diet plan, feeling hopeful about progress."
P1200,36,Female,31.2,127,71,Asthma,"Symptoms well controlled with inhaler, patient feels confident."
P1201,29,Male,27.2,119,71,Asthma,"Patient had a bad asthma attack last week, feeling worried."
P1202,59,Male,24.7,123,73,Obesity,"Patient motivated to start new diet plan, feeling hopeful about progress."
P1203,29,Female,25.0,121,80,Arthritis,"Great improvement in mobility, patient feels happy and relieved."
P1204,46,Female,25.6,118,76,Arthritis,"Pain manageable with medication, patient feels okay overall."
P1205,36,Male,25.8,100,74,Hypertension,"Feeling stressed at work, BP slightly high but manageable with medication."
P1206,53,Male,29.6,134,80,Cardiac Disease,"Routine checkup, heart function stable, patient feels reassured."
P1207,51,Female,26.3,135,68,Asthma,"Symptoms well controlled with inhaler, patient feels confident."
P1208,63,Male,29.7,114,84,None,"General wellness visit, patient is in excellent condition."
P1209,35,Male,25.6,115,72,Obesity,"Steady progress with exercise routine, patient feels great."
P1210,40,Female,26.4,130,77,Obesity,"Steady progress with exercise routine, patient feels great."
P1211,27,Female,16.0,132,62,Hypertension,"Patient reports occasional headaches and dizziness, blood pressure elevated."
P1212,37,Female,30.6,126,65,Obesity,"Patient motivated to start new diet plan, feeling hopeful about progress."
P1213,51,Male,27.7,123,80,Hypertension,"Feeling stressed at work, BP slightly high but manageable with medication."
P1214,58,Female,31.0,131,80,Asthma,"Mild wheezing reported during exercise, otherwise breathing fine."
P1215,28,Male,14.0,126,62,Hypertension,"Patient reports occasional headaches and dizziness, blood pressure elevated."
P1216,60,Male,36.4,131,74,Arthritis,"Joint pain worsened this week, patient feels uncomfortable and tired."
P1217,69,Female,25.3,126,84,Diabetes,"Struggling with sugar control, feeling anxious about complications."
P1218,52,Female,31.5,127,70,Asthma,"Patient had a bad asthma attack last week, feeling worried."
P1219,78,Female,20.8,126,87,None,"No complaints, patient feels great and active."
P1220,31,Female,29.1,124,67,Diabetes,"Patient is managing diet well, glucose levels improving steadily."
P1221,22,Female,20.7,129,73,Cardiac Disease,"Recovering well after treatment, feeling optimistic and relieved."
P1222,12,Male,22.9,117,66,Asthma,"Mild wheezing reported during exercise, otherwise breathing fine."
P1223,71,Male,35.6,137,84,Hypertension,"Patient reports occasional headaches and dizziness, blood pressure elevated."
P1224,56,Male,25.0,126,72,None,"General wellness visit, patient is in excellent condition."
P1225,43,Male,27.1,113,73,Hypertension,"Feeling stressed at work, BP slightly high but manageable with medication."
P1226,50,Female,30.4,137,76,Cardiac Disease,"Patient reports chest discomfort, feeling scared about heart health."
P1227,24,Male,28.5,120,66,Obesity,"Patient motivated to start new diet plan, feeling hopeful about progress."
P1228,89,Female,26.8,138,85,Obesity,"Steady progress with exercise routine, patient feels great."
P1229,47,Female,27.8,153,72,Arthritis,"Great improvement in mobility, patient feels happy and relieved."
P1230,46,Female,38.0,135,76,Diabetes,"Struggling with sugar control, feeling anxious about complications."
P1231,58,Female,25.7,124,70,Hypertension,"Patient reports occasional headaches and dizziness, blood pressure elevated."
P1232,53,Female,27.0,125,60,Arthritis,"Joint pain worsened this week, patient feels uncomfortable and tired."
P1233,49,Female,31.3,139,75,Obesity,"Steady progress with exercise routine, patient feels great."
P1234,30,Male,31.5,125,88,None,"No complaints, patient feels great and active."
P1235,53,Female,31.9,120,82,None,"General wellness visit, patient is in excellent condition."
P1236,78,Male,29.2,145,80,None,"General wellness visit, patient is in excellent condition."
P1237,69,Male,20.3,125,74,Cardiac Disease,"Routine checkup, heart function stable, patient feels reassured."
P1238,73,Female,34.2,153,81,Asthma,"Symptoms well controlled with inhaler, patient feels confident."
P1239,35,Male,20.3,129,74,None,"Routine annual checkup, patient feels healthy and energetic."
P1240,27,Female,27.5,118,65,Cardiac Disease,"Recovering well after treatment, feeling optimistic and relieved."
P1241,42,Female,22.2,133,79,Diabetes,"Struggling with sugar control, feeling anxious about complications."
P1242,46,Female,25.7,127,78,None,"No complaints, patient feels great and active."
P1243,64,Male,27.6,139,82,None,"No complaints, patient feels great and active."
P1244,14,Male,27.6,121,73,Cardiac Disease,"Recovering well after treatment, feeling optimistic and relieved."
P1245,72,Female,28.1,128,79,Hypertension,"Follow-up visit, blood pressure under control, patient feels good."
P1246,42,Male,34.1,124,80,Asthma,"Mild wheezing reported during exercise, otherwise breathing fine."
P1247,37,Female,28.3,133,77,None,"General wellness visit, patient is in excellent condition."
P1248,26,Female,24.8,117,69,Thyroid Disorder,"Medication adjusted, patient feels more energetic this month."
P1249,15,Female,30.8,116,68,Diabetes,"Patient is managing diet well, glucose levels improving steadily."
P1250,59,Male,31.9,126,79,Hypertension,"Patient reports occasional headaches and dizziness, blood pressure elevated."
P1251,46,Male,19.9,127,82,None,"General wellness visit, patient is in excellent condition."
P1252,21,Female,29.0,137,64,Asthma,"Patient had a bad asthma attack last week, feeling worried."
P1253,21,Male,29.5,112,63,Obesity,"Patient motivated to start new diet plan, feeling hopeful about progress."
P1254,38,Male,24.5,123,74,Thyroid Disorder,"Medication adjusted, patient feels more energetic this month."
P1255,75,Female,32.9,150,81,Hypertension,"Patient reports occasional headaches and dizziness, blood pressure elevated."
P1256,40,Female,25.2,123,74,Obesity,"Patient motivated to start new diet plan, feeling hopeful about progress."
P1257,17,Female,26.6,122,71,Hypertension,"Follow-up visit, blood pressure under control, patient feels good."
P1258,40,Female,25.1,116,72,Asthma,"Patient had a bad asthma attack last week, feeling worried."
P1259,40,Male,26.1,128,82,None,"General wellness visit, patient is in excellent condition."
P1260,1,Female,20.5,109,56,Cardiac Disease,"Recovering well after treatment, feeling optimistic and relieved."
P1261,44,Female,18.8,130,67,Thyroid Disorder,"Follow-up shows stable levels, patient feels satisfied."
P1262,40,Male,34.0,138,75,Obesity,"Struggling with weight loss, feeling frustrated and discouraged."
P1263,57,Female,21.8,148,65,Diabetes,"Struggling with sugar control, feeling anxious about complications."
P1264,78,Female,21.0,138,76,Diabetes,"Blood sugar levels fluctuating, patient feels tired and thirsty often."
P1265,65,Female,15.2,129,84,Asthma,"Patient had a bad asthma attack last week, feeling worried."
P1266,40,Female,22.8,124,72,Asthma,"Patient had a bad asthma attack last week, feeling worried."
P1267,25,Female,19.4,114,70,Hypertension,"Patient reports occasional headaches and dizziness, blood pressure elevated."
P1268,91,Male,34.2,147,76,Asthma,"Symptoms well controlled with inhaler, patient feels confident."
P1269,46,Male,31.0,126,72,Cardiac Disease,"Recovering well after treatment, feeling optimistic and relieved."
P1270,45,Female,22.6,126,71,Arthritis,"Pain manageable with medication, patient feels okay overall."
P1271,44,Female,37.3,142,75,Arthritis,"Great improvement in mobility, patient feels happy and relieved."
P1272,48,Female,30.9,121,84,Arthritis,"Joint pain worsened this week, patient feels uncomfortable and tired."
P1273,42,Female,24.4,133,76,Hypertension,"Follow-up visit, blood pressure under control, patient feels good."
P1274,34,Female,14.0,127,62,Diabetes,"Struggling with sugar control, feeling anxious about complications."
P1275,35,Female,37.5,128,77,Arthritis,"Great improvement in mobility, patient feels happy and relieved."
P1276,44,Female,19.1,105,75,Cardiac Disease,"Recovering well after treatment, feeling optimistic and relieved."
P1277,35,Female,17.8,114,77,Hypertension,"Patient reports occasional headaches and dizziness, blood pressure elevated."
P1278,32,Female,31.1,135,83,None,"Routine annual checkup, patient feels healthy and energetic."
P1279,46,Female,38.2,132,72,None,"General wellness visit, patient is in excellent condition."
P1280,40,Female,32.9,120,71,Obesity,"Struggling with weight loss, feeling frustrated and discouraged."
P1281,72,Male,28.8,131,71,Hypertension,"Follow-up visit, blood pressure under control, patient feels good."
P1282,1,Male,29.0,121,67,None,"No complaints, patient feels great and active."
P1283,64,Male,30.3,138,81,Obesity,"Struggling with weight loss, feeling frustrated and discouraged."
P1284,67,Female,29.8,133,84,None,"No complaints, patient feels great and active."
P1285,7,Male,27.4,112,68,None,"No complaints, patient feels great and active."
P1286,38,Male,26.5,121,71,None,"Routine annual checkup, patient feels healthy and energetic."
P1287,38,Female,25.7,116,74,Cardiac Disease,"Recovering well after treatment, feeling optimistic and relieved."
P1288,19,Male,22.2,129,64,Hypertension,"Feeling stressed at work, BP slightly high but manageable with medication."
P1289,30,Female,24.6,118,84,Arthritis,"Great improvement in mobility, patient feels happy and relieved."
P1290,25,Male,17.5,125,59,Obesity,"Steady progress with exercise routine, patient feels great."
P1291,76,Male,25.5,147,80,Arthritis,"Joint pain worsened this week, patient feels uncomfortable and tired."
P1292,61,Female,21.1,136,87,Hypertension,"Follow-up visit, blood pressure under control, patient feels good."
P1293,67,Male,20.5,126,76,Diabetes,"Patient is managing diet well, glucose levels improving steadily."
P1294,57,Male,26.9,133,75,None,"General wellness visit, patient is in excellent condition."
P1295,24,Female,33.0,123,71,Arthritis,"Joint pain worsened this week, patient feels uncomfortable and tired."
P1296,35,Female,30.6,118,73,Thyroid Disorder,"Follow-up shows stable levels, patient feels satisfied."
P1297,53,Male,18.1,127,81,None,"General wellness visit, patient is in excellent condition."
P1298,23,Female,21.1,108,56,Obesity,"Patient motivated to start new diet plan, feeling hopeful about progress."
P1299,57,Male,30.7,141,86,Arthritis,"Joint pain worsened this week, patient feels uncomfortable and tired."
P1300,40,Male,21.1,118,63,None,"No complaints, patient feels great and active."
P1301,38,Female,24.9,125,71,Obesity,"Steady progress with exercise routine, patient feels great."
P1302,57,Female,28.8,133,74,Obesity,"Struggling with weight loss, feeling frustrated and discouraged."
P1303,52,Female,21.2,124,77,Hypertension,"Follow-up visit, blood pressure under control, patient feels good."
P1304,38,Female,26.5,129,64,Cardiac Disease,"Routine checkup, heart function stable, patient feels reassured."
P1305,65,Female,19.3,125,78,Arthritis,"Pain manageable with medication, patient feels okay overall."
P1306,25,Female,23.0,125,82,Diabetes,"Struggling with sugar control, feeling anxious about complications."
P1307,56,Male,27.6,119,68,Diabetes,"Struggling with sugar control, feeling anxious about complications."
P1308,55,Female,18.0,126,74,Diabetes,"Struggling with sugar control, feeling anxious about complications."
P1309,39,Male,28.2,141,70,Diabetes,"Blood sugar levels fluctuating, patient feels tired and thirsty often."
P1310,50,Male,25.9,119,77,Diabetes,"Patient is managing diet well, glucose levels improving steadily."
P1311,22,Male,28.8,115,72,Asthma,"Mild wheezing reported during exercise, otherwise breathing fine."
P1312,61,Male,27.1,135,73,Thyroid Disorder,"Medication adjusted, patient feels more energetic this month."
P1313,41,Female,32.8,130,78,Cardiac Disease,"Recovering well after treatment, feeling optimistic and relieved."
P1314,35,Female,26.6,126,84,Diabetes,"Struggling with sugar control, feeling anxious about complications."
P1315,63,Female,23.9,134,75,Hypertension,"Feeling stressed at work, BP slightly high but manageable with medication."
P1316,32,Male,26.6,127,77,Arthritis,"Joint pain worsened this week, patient feels uncomfortable and tired."
P1317,19,Male,28.7,128,63,Asthma,"Mild wheezing reported during exercise, otherwise breathing fine."
P1318,16,Male,26.2,121,64,None,"Routine annual checkup, patient feels healthy and energetic."
P1319,55,Male,26.2,127,78,Arthritis,"Pain manageable with medication, patient feels okay overall."
P1320,21,Female,22.5,122,78,None,"Routine annual checkup, patient feels healthy and energetic."
P1321,76,Female,22.7,149,80,Diabetes,"Patient is managing diet well, glucose levels improving steadily."
P1322,7,Female,19.0,110,64,Arthritis,"Joint pain worsened this week, patient feels uncomfortable and tired."
P1323,75,Male,34.7,132,81,Diabetes,"Blood sugar levels fluctuating, patient feels tired and thirsty often."
P1324,48,Female,19.8,133,65,Thyroid Disorder,"Medication adjusted, patient feels more energetic this month."
P1325,43,Female,22.5,123,76,Obesity,"Patient motivated to start new diet plan, feeling hopeful about progress."
P1326,35,Female,22.4,104,77,Diabetes,"Struggling with sugar control, feeling anxious about complications."
P1327,52,Female,30.5,137,74,Diabetes,"Patient is managing diet well, glucose levels improving steadily."
P1328,44,Male,24.5,121,71,Diabetes,"Patient is managing diet well, glucose levels improving steadily."
P1329,64,Male,32.2,134,80,Arthritis,"Pain manageable with medication, patient feels okay overall."
P1330,47,Male,22.6,128,71,Diabetes,"Struggling with sugar control, feeling anxious about complications."
P1331,47,Female,27.4,129,74,Obesity,"Struggling with weight loss, feeling frustrated and discouraged."
P1332,38,Male,21.8,127,84,Diabetes,"Blood sugar levels fluctuating, patient feels tired and thirsty often."
P1333,43,Male,36.7,127,75,Arthritis,"Joint pain worsened this week, patient feels uncomfortable and tired."
P1334,50,Male,20.1,129,71,None,"Routine annual checkup, patient feels healthy and energetic."
P1335,14,Male,27.5,115,66,None,"No complaints, patient feels great and active."
P1336,20,Female,29.2,126,76,None,"Routine annual checkup, patient feels healthy and energetic."
P1337,58,Female,28.1,136,76,Diabetes,"Patient is managing diet well, glucose levels improving steadily."
P1338,48,Male,25.1,119,70,Hypertension,"Patient reports occasional headaches and dizziness, blood pressure elevated."
P1339,41,Male,25.4,133,81,Arthritis,"Great improvement in mobility, patient feels happy and relieved."
P1340,45,Female,26.2,122,83,Asthma,"Symptoms well controlled with inhaler, patient feels confident."
P1341,51,Male,25.3,134,71,Cardiac Disease,"Routine checkup, heart function stable, patient feels reassured."
P1342,35,Male,30.8,128,63,Hypertension,"Follow-up visit, blood pressure under control, patient feels good."
P1343,30,Male,37.1,142,81,Diabetes,"Patient is managing diet well, glucose levels improving steadily."
P1344,48,Male,23.2,124,70,Hypertension,"Patient reports occasional headaches and dizziness, blood pressure elevated."
P1345,27,Female,19.2,114,74,None,"General wellness visit, patient is in excellent condition."
P1346,52,Female,25.6,128,63,Diabetes,"Patient is managing diet well, glucose levels improving steadily."
P1347,14,Male,38.9,121,79,Obesity,"Steady progress with exercise routine, patient feels great."
P1348,63,Male,22.0,136,68,Hypertension,"Follow-up visit, blood pressure under control, patient feels good."
P1349,53,Female,34.2,120,82,Arthritis,"Pain manageable with medication, patient feels okay overall."
P1350,49,Female,34.4,123,77,Diabetes,"Patient is managing diet well, glucose levels improving steadily."
P1351,62,Female,23.2,121,70,None,"Routine annual checkup, patient feels healthy and energetic."
P1352,74,Female,28.8,144,77,None,"Routine annual checkup, patient feels healthy and energetic."
P1353,63,Male,34.1,149,83,Diabetes,"Struggling with sugar control, feeling anxious about complications."
P1354,11,Male,24.1,114,69,Thyroid Disorder,"Follow-up shows stable levels, patient feels satisfied."
P1355,21,Female,25.0,117,74,Thyroid Disorder,"Patient feels fatigued and low energy, thyroid levels being monitored."
P1356,33,Male,23.1,122,83,None,"Routine annual checkup, patient feels healthy and energetic."
P1357,45,Female,20.9,133,63,None,"No complaints, patient feels great and active."
P1358,54,Female,22.8,120,84,Diabetes,"Blood sugar levels fluctuating, patient feels tired and thirsty often."
P1359,31,Female,19.9,121,71,Obesity,"Patient motivated to start new diet plan, feeling hopeful about progress."
P1360,48,Male,26.2,135,69,Hypertension,"Follow-up visit, blood pressure under control, patient feels good."
P1361,31,Female,22.2,124,63,Hypertension,"Patient reports occasional headaches and dizziness, blood pressure elevated."
P1362,33,Male,27.2,125,71,Thyroid Disorder,"Follow-up shows stable levels, patient feels satisfied."
P1363,19,Female,18.2,122,73,Diabetes,"Blood sugar levels fluctuating, patient feels tired and thirsty often."
P1364,28,Female,27.7,100,71,Arthritis,"Pain manageable with medication, patient feels okay overall."
P1365,20,Male,30.2,126,81,None,"Routine annual checkup, patient feels healthy and energetic."
P1366,27,Female,16.0,110,60,None,"Routine annual checkup, patient feels healthy and energetic."
P1367,63,Female,27.9,118,77,Thyroid Disorder,"Patient feels fatigued and low energy, thyroid levels being monitored."
P1368,27,Male,32.1,128,66,Diabetes,"Struggling with sugar control, feeling anxious about complications."
P1369,92,Male,20.0,148,81,Hypertension,"Feeling stressed at work, BP slightly high but manageable with medication."
P1370,53,Male,34.4,132,83,Asthma,"Mild wheezing reported during exercise, otherwise breathing fine."
P1371,48,Male,28.1,136,73,Hypertension,"Follow-up visit, blood pressure under control, patient feels good."
P1372,29,Male,22.5,132,55,Hypertension,"Feeling stressed at work, BP slightly high but manageable with medication."
P1373,57,Female,25.7,140,77,Asthma,"Symptoms well controlled with inhaler, patient feels confident."
P1374,34,Male,28.8,137,76,None,"General wellness visit, patient is in excellent condition."
P1375,47,Male,26.4,133,77,Obesity,"Struggling with weight loss, feeling frustrated and discouraged."
P1376,91,Female,28.7,142,89,Diabetes,"Blood sugar levels fluctuating, patient feels tired and thirsty often."
P1377,43,Male,21.4,110,66,Arthritis,"Great improvement in mobility, patient feels happy and relieved."
P1378,65,Female,26.8,130,81,Diabetes,"Struggling with sugar control, feeling anxious about complications."
P1379,32,Male,18.9,112,77,Hypertension,"Patient reports occasional headaches and dizziness, blood pressure elevated."
P1380,44,Male,25.4,143,63,None,"Routine annual checkup, patient feels healthy and energetic."
P1381,76,Female,21.5,132,79,Obesity,"Struggling with weight loss, feeling frustrated and discouraged."
P1382,33,Female,22.3,122,68,None,"No complaints, patient feels great and active."
P1383,77,Female,32.2,143,80,Hypertension,"Feeling stressed at work, BP slightly high but manageable with medication."
P1384,57,Female,31.5,133,80,None,"Routine annual checkup, patient feels healthy and energetic."
P1385,34,Female,29.0,138,70,Obesity,"Steady progress with exercise routine, patient feels great."
P1386,56,Male,20.5,122,70,Obesity,"Steady progress with exercise routine, patient feels great."
P1387,62,Male,24.4,132,76,Obesity,"Struggling with weight loss, feeling frustrated and discouraged."
P1388,56,Female,32.1,126,71,None,"Routine annual checkup, patient feels healthy and energetic."
P1389,16,Female,26.7,107,63,Obesity,"Steady progress with exercise routine, patient feels great."
P1390,31,Female,37.6,123,80,Obesity,"Struggling with weight loss, feeling frustrated and discouraged."
P1391,40,Male,28.0,125,67,Thyroid Disorder,"Follow-up shows stable levels, patient feels satisfied."
P1392,43,Male,27.0,122,78,None,"General wellness visit, patient is in excellent condition."
P1393,56,Female,24.5,123,78,Cardiac Disease,"Patient reports chest discomfort, feeling scared about heart health."
P1394,48,Male,26.7,116,64,Arthritis,"Joint pain worsened this week, patient feels uncomfortable and tired."
P1395,20,Female,25.2,117,66,Asthma,"Symptoms well controlled with inhaler, patient feels confident."
P1396,51,Female,29.5,118,83,Diabetes,"Patient is managing diet well, glucose levels improving steadily."
P1397,55,Male,30.8,137,71,Obesity,"Patient motivated to start new diet plan, feeling hopeful about progress."
P1398,55,Female,22.1,128,72,Thyroid Disorder,"Follow-up shows stable levels, patient feels satisfied."
P1399,64,Female,19.3,117,78,Thyroid Disorder,"Patient feels fatigued and low energy, thyroid levels being monitored."
P1400,60,Male,16.8,123,78,Asthma,"Mild wheezing reported during exercise, otherwise breathing fine."
P1401,53,Female,28.5,124,74,Cardiac Disease,"Patient reports chest discomfort, feeling scared about heart health."
P1402,43,Female,20.5,125,69,Diabetes,"Struggling with sugar control, feeling anxious about complications."
P1403,15,Female,15.2,122,75,Thyroid Disorder,"Medication adjusted, patient feels more energetic this month."
P1404,52,Male,27.9,114,86,Thyroid Disorder,"Medication adjusted, patient feels more energetic this month."
P1405,48,Female,38.5,134,84,Obesity,"Struggling with weight loss, feeling frustrated and discouraged."
P1406,49,Male,26.0,126,75,None,"Routine annual checkup, patient feels healthy and energetic."
P1407,22,Male,30.2,127,67,Arthritis,"Great improvement in mobility, patient feels happy and relieved."
P1408,25,Female,26.4,122,66,Obesity,"Patient motivated to start new diet plan, feeling hopeful about progress."
P1409,63,Male,25.5,125,80,Hypertension,"Feeling stressed at work, BP slightly high but manageable with medication."
P1410,44,Male,30.6,125,78,Cardiac Disease,"Recovering well after treatment, feeling optimistic and relieved."
P1411,57,Female,24.5,122,84,Arthritis,"Great improvement in mobility, patient feels happy and relieved."
P1412,45,Female,27.3,135,78,Arthritis,"Joint pain worsened this week, patient feels uncomfortable and tired."
P1413,45,Female,27.6,127,66,Asthma,"Patient had a bad asthma attack last week, feeling worried."
P1414,61,Female,22.7,144,82,Thyroid Disorder,"Follow-up shows stable levels, patient feels satisfied."
P1415,35,Male,31.0,125,68,Hypertension,"Patient reports occasional headaches and dizziness, blood pressure elevated."
P1416,46,Male,25.1,120,72,Cardiac Disease,"Patient reports chest discomfort, feeling scared about heart health."
P1417,36,Male,22.2,109,73,Arthritis,"Pain manageable with medication, patient feels okay overall."
P1418,37,Female,28.7,111,86,Arthritis,"Pain manageable with medication, patient feels okay overall."
P1419,39,Female,21.5,109,90,Obesity,"Patient motivated to start new diet plan, feeling hopeful about progress."
P1420,48,Female,26.1,129,78,Diabetes,"Blood sugar levels fluctuating, patient feels tired and thirsty often."
P1421,36,Female,26.0,127,72,Hypertension,"Feeling stressed at work, BP slightly high but manageable with medication."
P1422,67,Male,31.4,123,82,Obesity,"Patient motivated to start new diet plan, feeling hopeful about progress."
P1423,28,Female,28.4,129,78,Obesity,"Struggling with weight loss, feeling frustrated and discouraged."
P1424,41,Male,25.9,121,71,Hypertension,"Patient reports occasional headaches and dizziness, blood pressure elevated."
P1425,37,Female,30.1,127,85,Arthritis,"Pain manageable with medication, patient feels okay overall."
P1426,71,Male,33.0,150,81,Cardiac Disease,"Routine checkup, heart function stable, patient feels reassured."
P1427,48,Female,28.8,135,78,Arthritis,"Pain manageable with medication, patient feels okay overall."
P1428,63,Male,26.1,129,81,None,"No complaints, patient feels great and active."
P1429,18,Male,19.4,107,71,Hypertension,"Follow-up visit, blood pressure under control, patient feels good."
P1430,49,Male,20.7,107,78,Hypertension,"Patient reports occasional headaches and dizziness, blood pressure elevated."
P1431,61,Female,24.5,124,72,None,"General wellness visit, patient is in excellent condition."
P1432,46,Female,23.0,123,70,Obesity,"Struggling with weight loss, feeling frustrated and discouraged."
P1433,64,Male,25.1,123,70,Arthritis,"Joint pain worsened this week, patient feels uncomfortable and tired."
P1434,35,Male,26.3,122,75,None,"General wellness visit, patient is in excellent condition."
P1435,70,Female,28.6,135,83,None,"Routine annual checkup, patient feels healthy and energetic."
P1436,86,Male,25.6,136,83,Thyroid Disorder,"Patient feels fatigued and low energy, thyroid levels being monitored."
P1437,38,Female,28.4,120,84,Obesity,"Steady progress with exercise routine, patient feels great."
P1438,36,Female,26.3,125,73,Cardiac Disease,"Patient reports chest discomfort, feeling scared about heart health."
P1439,71,Male,16.1,132,79,Asthma,"Symptoms well controlled with inhaler, patient feels confident."
P1440,73,Male,21.3,123,70,Hypertension,"Feeling stressed at work, BP slightly high but manageable with medication."
P1441,35,Female,25.3,134,70,Obesity,"Patient motivated to start new diet plan, feeling hopeful about progress."
P1442,37,Male,20.0,120,75,Diabetes,"Patient is managing diet well, glucose levels improving steadily."
P1443,39,Male,29.0,126,79,Thyroid Disorder,"Medication adjusted, patient feels more energetic this month."
P1444,20,Female,33.7,128,71,Obesity,"Patient motivated to start new diet plan, feeling hopeful about progress."
P1445,28,Female,32.1,126,73,Obesity,"Steady progress with exercise routine, patient feels great."
P1446,26,Female,24.9,127,62,Asthma,"Mild wheezing reported during exercise, otherwise breathing fine."
P1447,31,Female,33.5,128,72,Hypertension,"Feeling stressed at work, BP slightly high but manageable with medication."
P1448,44,Male,26.7,121,79,Hypertension,"Feeling stressed at work, BP slightly high but manageable with medication."
P1449,49,Male,24.3,129,78,Asthma,"Symptoms well controlled with inhaler, patient feels confident."
P1450,72,Female,22.9,123,80,Hypertension,"Patient reports occasional headaches and dizziness, blood pressure elevated."
P1451,27,Female,24.5,121,71,Obesity,"Struggling with weight loss, feeling frustrated and discouraged."
P1452,62,Male,24.1,130,76,None,"No complaints, patient feels great and active."
P1453,41,Female,26.9,124,70,None,"No complaints, patient feels great and active."
P1454,44,Male,26.8,125,78,Arthritis,"Great improvement in mobility, patient feels happy and relieved."
P1455,57,Female,26.0,115,78,Diabetes,"Patient is managing diet well, glucose levels improving steadily."
P1456,24,Male,28.2,116,75,None,"No complaints, patient feels great and active."
P1457,51,Male,32.0,132,74,None,"Routine annual checkup, patient feels healthy and energetic."
P1458,47,Male,30.7,130,63,Diabetes,"Blood sugar levels fluctuating, patient feels tired and thirsty often."
P1459,53,Male,18.6,116,80,Arthritis,"Pain manageable with medication, patient feels okay overall."
P1460,50,Male,14.0,132,68,Diabetes,"Patient is managing diet well, glucose levels improving steadily."
P1461,89,Female,30.7,135,77,None,"Routine annual checkup, patient feels healthy and energetic."
P1462,33,Female,19.2,127,74,Thyroid Disorder,"Follow-up shows stable levels, patient feels satisfied."
P1463,35,Female,24.9,126,70,Hypertension,"Follow-up visit, blood pressure under control, patient feels good."
P1464,33,Female,20.1,114,77,None,"General wellness visit, patient is in excellent condition."
P1465,35,Male,17.0,133,74,Obesity,"Steady progress with exercise routine, patient feels great."
P1466,33,Male,28.7,114,77,Thyroid Disorder,"Follow-up shows stable levels, patient feels satisfied."
P1467,66,Female,29.8,142,70,Cardiac Disease,"Routine checkup, heart function stable, patient feels reassured."
P1468,70,Male,23.1,140,84,None,"General wellness visit, patient is in excellent condition."
P1469,34,Female,14.0,111,70,Hypertension,"Follow-up visit, blood pressure under control, patient feels good."
P1470,30,Male,23.3,131,69,Asthma,"Mild wheezing reported during exercise, otherwise breathing fine."
P1471,53,Female,28.0,127,77,Hypertension,"Follow-up visit, blood pressure under control, patient feels good."
P1472,35,Male,18.6,122,60,Thyroid Disorder,"Follow-up shows stable levels, patient feels satisfied."
P1473,56,Female,26.9,132,78,None,"General wellness visit, patient is in excellent condition."
P1474,48,Female,25.9,126,68,None,"No complaints, patient feels great and active."
P1475,17,Female,28.9,126,63,Thyroid Disorder,"Patient feels fatigued and low energy, thyroid levels being monitored."
P1476,72,Male,26.6,141,69,Hypertension,"Patient reports occasional headaches and dizziness, blood pressure elevated."
P1477,77,Female,21.1,119,84,Asthma,"Mild wheezing reported during exercise, otherwise breathing fine."
P1478,33,Female,32.0,136,70,Hypertension,"Follow-up visit, blood pressure under control, patient feels good."
P1479,38,Female,25.2,110,82,Diabetes,"Struggling with sugar control, feeling anxious about complications."
P1480,50,Female,25.9,136,72,Diabetes,"Patient is managing diet well, glucose levels improving steadily."
P1481,51,Female,21.3,134,63,Cardiac Disease,"Patient reports chest discomfort, feeling scared about heart health."
P1482,56,Male,23.8,119,68,Diabetes,"Struggling with sugar control, feeling anxious about complications."
P1483,81,Female,21.6,131,86,Hypertension,"Patient reports occasional headaches and dizziness, blood pressure elevated."
P1484,41,Female,25.1,116,72,Hypertension,"Feeling stressed at work, BP slightly high but manageable with medication."
P1485,30,Female,34.6,124,71,Hypertension,"Feeling stressed at work, BP slightly high but manageable with medication."
P1486,20,Male,19.1,113,69,Thyroid Disorder,"Medication adjusted, patient feels more energetic this month."
P1487,31,Male,17.9,124,73,None,"Routine annual checkup, patient feels healthy and energetic."
P1488,44,Female,33.4,140,83,Thyroid Disorder,"Follow-up shows stable levels, patient feels satisfied."
P1489,77,Female,25.0,146,87,Cardiac Disease,"Routine checkup, heart function stable, patient feels reassured."
P1490,35,Male,22.7,117,69,Diabetes,"Patient is managing diet well, glucose levels improving steadily."
P1491,49,Female,31.2,128,68,None,"General wellness visit, patient is in excellent condition."
P1492,44,Male,23.0,111,71,Diabetes,"Patient is managing diet well, glucose levels improving steadily."
P1493,66,Male,35.1,130,81,Diabetes,"Blood sugar levels fluctuating, patient feels tired and thirsty often."
P1494,90,Male,29.4,149,76,Diabetes,"Patient is managing diet well, glucose levels improving steadily."
P1495,35,Male,23.6,135,66,Hypertension,"Patient reports occasional headaches and dizziness, blood pressure elevated."
P1496,36,Female,36.8,119,78,Diabetes,"Patient is managing diet well, glucose levels improving steadily."
P1497,63,Male,23.0,125,76,Asthma,"Symptoms well controlled with inhaler, patient feels confident."
P1498,57,Female,29.7,131,77,Arthritis,"Great improvement in mobility, patient feels happy and relieved."
P1499,78,Female,27.5,139,75,Hypertension,"Feeling stressed at work, BP slightly high but manageable with medication."
